Track,Position,No,Driver,Team,Starting Grid,Laps,Time/Retired,Points,Set Fastest Lap,Fastest Lap Time
Australia,1,4,Lando Norris,McLaren,1,57,42:06.3,25,Yes,01:22.2
Australia,2,1,Max Verstappen,Red Bull Racing Honda RBPT,3,57,0.895,18,No,01:23.1
Australia,3,63,George Russell,Mercedes,4,57,8.481,15,No,01:25.1
Australia,4,12,Kimi Antonelli,Mercedes,16,57,10.135,12,No,01:24.9
Australia,5,23,Alexander Albon,Williams Mercedes,6,57,12.773,10,No,01:24.6
Australia,6,18,Lance Stroll,Aston Martin Aramco Mercedes,13,57,17.413,8,No,01:25.5
Australia,7,27,Nico Hulkenberg,Kick Sauber Ferrari,17,57,18.423,6,No,01:25.2
Australia,8,16,Charles Leclerc,Ferrari,7,57,19.826,4,No,01:25.3
Australia,9,81,Oscar Piastri,McLaren,2,57,20.448,2,No,01:23.2
Australia,10,44,Lewis Hamilton,Ferrari,8,57,22.473,1,No,01:24.2
Australia,11,10,Pierre Gasly,Alpine Renault,9,57,26.502,0,No,01:25.0
Australia,12,22,Yuki Tsunoda,Racing Bulls Honda RBPT,5,57,29.884,0,No,01:24.2
Australia,13,31,Esteban Ocon,Haas Ferrari,19,57,33.161,0,No,01:26.8
Australia,14,87,Oliver Bearman,Haas Ferrari,20,57,40.351,0,No,01:27.6
Australia,NC,30,Liam Lawson,Red Bull Racing Honda RBPT,18,46,DNF,0,No,01:23.0
Australia,NC,5,Gabriel Bortoleto,Kick Sauber Ferrari,15,45,DNF,0,No,01:24.2
Australia,NC,14,Fernando Alonso,Aston Martin Aramco Mercedes,12,32,DNF,0,No,01:28.8
Australia,NC,55,Carlos Sainz,Williams Mercedes,10,0,DNF,0,No,
Australia,NC,7,Jack Doohan,Alpine Renault,14,0,DNF,0,No,
Australia,NC,6,Isack Hadjar,Racing Bulls Honda RBPT,11,0,DNF,0,No,
China,1,81,Oscar Piastri,McLaren,1,56,30:55.0,25,No,01:35.5
China,2,4,Lando Norris,McLaren,3,56,9.748,18,No,01:35.5
China,3,63,George Russell,Mercedes,2,56,11.097,15,No,01:35.8
China,4,1,Max Verstappen,Red Bull Racing Honda RBPT,4,56,16.656,12,No,01:35.5
China,5,31,Esteban Ocon,Haas Ferrari,11,56,49.969,10,No,01:35.7
China,6,12,Kimi Antonelli,Mercedes,8,56,53.748,8,No,01:36.0
China,7,23,Alexander Albon,Williams Mercedes,10,56,56.321,6,No,01:36.3
China,8,87,Oliver Bearman,Haas Ferrari,17,56,61.303,4,No,01:36.4
China,9,18,Lance Stroll,Aston Martin Aramco Mercedes,14,56,70.204,2,No,01:36.0
China,10,55,Carlos Sainz,Williams Mercedes,15,56,76.387,1,No,01:36.8
China,11,6,Isack Hadjar,Racing Bulls Honda RBPT,7,56,78.875,0,No,01:35.9
China,12,30,Liam Lawson,Red Bull Racing Honda RBPT,20,56,81.147,0,No,01:36.0
China,13,7,Jack Doohan,Alpine Renault,18,56,88.401,0,No,01:36.4
China,14,5,Gabriel Bortoleto,Kick Sauber Ferrari,19,55,+1 lap,0,No,01:35.9
China,15,27,Nico Hulkenberg,Kick Sauber Ferrari,12,55,+1 lap,0,No,01:37.3
China,16,22,Yuki Tsunoda,Racing Bulls Honda RBPT,9,55,+1 lap,0,No,01:35.9
China,NC,14,Fernando Alonso,Aston Martin Aramco Mercedes,13,4,DNF,0,No,01:39.3
China,DQ,16,Charles Leclerc,Ferrari,6,0,DSQ,0,No,01:36.2
China,DQ,44,Lewis Hamilton,Ferrari,5,0,DSQ,0,Yes,01:35.1
China,DQ,10,Pierre Gasly,Alpine Renault,16,0,DSQ,0,No,01:36.4
Japan,1,1,Max Verstappen,Red Bull Racing Honda RBPT,1,53,22:07.0,25,No,01:31.0
Japan,2,4,Lando Norris,McLaren,2,53,1.423,18,No,01:31.1
Japan,3,81,Oscar Piastri,McLaren,3,53,2.129,15,No,01:31.0
Japan,4,16,Charles Leclerc,Ferrari,4,53,16.097,12,No,01:31.5
Japan,5,63,George Russell,Mercedes,5,53,17.362,10,No,01:31.4
Japan,6,12,Kimi Antonelli,Mercedes,6,53,18.671,8,Yes,01:31.0
Japan,7,44,Lewis Hamilton,Ferrari,8,53,29.182,6,No,01:31.4
Japan,8,6,Isack Hadjar,Racing Bulls Honda RBPT,7,53,37.134,4,No,01:31.3
Japan,9,23,Alexander Albon,Williams Mercedes,9,53,40.367,2,No,01:31.1
Japan,10,87,Oliver Bearman,Haas Ferrari,10,53,54.529,1,No,01:32.0
Japan,11,14,Fernando Alonso,Aston Martin Aramco Mercedes,12,53,57.333,0,No,01:31.8
Japan,12,22,Yuki Tsunoda,Red Bull Racing Honda RBPT,14,53,58.401,0,No,01:31.9
Japan,13,10,Pierre Gasly,Alpine Renault,11,53,62.122,0,No,01:31.8
Japan,14,55,Carlos Sainz,Williams Mercedes,15,53,74.129,0,No,01:31.1
Japan,15,7,Jack Doohan,Alpine Renault,19,53,81.314,0,No,01:32.7
Japan,16,27,Nico Hulkenberg,Kick Sauber Ferrari,16,53,81.957,0,No,01:32.6
Japan,17,30,Liam Lawson,Racing Bulls Honda RBPT,13,53,82.734,0,No,01:32.0
Japan,18,31,Esteban Ocon,Haas Ferrari,18,53,83.438,0,No,01:32.0
Japan,19,5,Gabriel Bortoleto,Kick Sauber Ferrari,17,53,83.897,0,No,01:32.0
Japan,20,18,Lance Stroll,Aston Martin Aramco Mercedes,20,52,+1 lap,0,No,01:32.1
Bahrain,1,81,Oscar Piastri,McLaren,1,57,35:39.4,25,Yes,01:35.1
Bahrain,2,63,George Russell,Mercedes,3,57,15.499,18,No,01:35.5
Bahrain,3,4,Lando Norris,McLaren,6,57,16.273,15,No,01:35.7
Bahrain,4,16,Charles Leclerc,Ferrari,2,57,19.679,12,No,01:36.1
Bahrain,5,44,Lewis Hamilton,Ferrari,9,57,27.993,10,No,01:36.2
Bahrain,6,1,Max Verstappen,Red Bull Racing Honda RBPT,7,57,24.395,8,No,01:36.2
Bahrain,7,10,Pierre Gasly,Alpine Renault,4,57,36.002,6,No,01:36.5
Bahrain,8,31,Esteban Ocon,Haas Ferrari,14,57,44.244,4,No,01:37.1
Bahrain,9,22,Yuki Tsunoda,Red Bull Racing Honda RBPT,10,57,45.061,2,No,01:37.2
Bahrain,10,87,Oliver Bearman,Haas Ferrari,20,57,47.594,1,No,01:37.3
Bahrain,11,12,Kimi Antonelli,Mercedes,5,57,48.016,0,No,01:36.7
Bahrain,12,23,Alexander Albon,Williams Mercedes,15,57,48.839,0,No,01:37.1
Bahrain,13,6,Isack Hadjar,Racing Bulls Honda RBPT,12,57,56.314,0,No,01:37.0
Bahrain,14,7,Jack Doohan,Alpine Renault,11,57,57.806,0,No,01:36.7
Bahrain,15,14,Fernando Alonso,Aston Martin Aramco Mercedes,13,57,60.34,0,No,01:37.9
Bahrain,16,30,Liam Lawson,Racing Bulls Honda RBPT,17,57,64.435,0,No,01:37.4
Bahrain,17,18,Lance Stroll,Aston Martin Aramco Mercedes,19,57,65.489,0,No,01:38.1
Bahrain,18,5,Gabriel Bortoleto,Kick Sauber Ferrari,18,57,66.872,0,No,01:38.0
Bahrain,NC,55,Carlos Sainz,Williams Mercedes,8,45,DNF,0,No,01:37.0
Bahrain,DQ,27,Nico Hulkenberg,Kick Sauber Ferrari,16,0,DSQ,0,No,01:37.3
Saudi Arabia,1,81,Oscar Piastri,McLaren,2,50,21:06.8,25,No,01:32.2
Saudi Arabia,2,1,Max Verstappen,Red Bull Racing Honda RBPT,1,50,2.843,18,No,01:32.3
Saudi Arabia,3,16,Charles Leclerc,Ferrari,4,50,8.104,15,No,01:32.2
Saudi Arabia,4,4,Lando Norris,McLaren,10,50,9.196,12,Yes,01:31.8
Saudi Arabia,5,63,George Russell,Mercedes,3,50,27.236,10,No,01:32.9
Saudi Arabia,6,12,Kimi Antonelli,Mercedes,5,50,34.688,8,No,01:32.4
Saudi Arabia,7,44,Lewis Hamilton,Ferrari,7,50,39.073,6,No,01:32.6
Saudi Arabia,8,55,Carlos Sainz,Williams Mercedes,6,50,64.63,4,No,01:32.5
Saudi Arabia,9,23,Alexander Albon,Williams Mercedes,11,50,66.515,2,No,01:33.5
Saudi Arabia,10,6,Isack Hadjar,Racing Bulls Honda RBPT,14,50,67.091,1,No,01:33.3
Saudi Arabia,11,14,Fernando Alonso,Aston Martin Aramco Mercedes,13,50,75.917,0,No,01:33.0
Saudi Arabia,12,30,Liam Lawson,Racing Bulls Honda RBPT,12,50,78.451,0,No,01:33.0
Saudi Arabia,13,87,Oliver Bearman,Haas Ferrari,15,50,79.194,0,No,01:33.2
Saudi Arabia,14,31,Esteban Ocon,Haas Ferrari,19,50,99.723,0,No,01:34.3
Saudi Arabia,15,27,Nico Hulkenberg,Kick Sauber Ferrari,18,49,+1 lap,0,No,01:33.4
Saudi Arabia,16,18,Lance Stroll,Aston Martin Aramco Mercedes,16,49,+1 lap,0,No,01:32.7
Saudi Arabia,17,7,Jack Doohan,Alpine Renault,17,49,+1 lap,0,No,01:33.2
Saudi Arabia,18,5,Gabriel Bortoleto,Kick Sauber Ferrari,20,49,+1 lap,0,No,01:34.4
Saudi Arabia,NC,22,Yuki Tsunoda,Red Bull Racing Honda RBPT,8,1,DNF,0,No,
Saudi Arabia,NC,10,Pierre Gasly,Alpine Renault,9,0,DNF,0,No,
Miami,1,81,Oscar Piastri,McLaren,4,57,28:51.6,25,No,01:29.8
Miami,2,4,Lando Norris,McLaren,2,57,4.63,18,Yes,01:29.7
Miami,3,63,George Russell,Mercedes,5,57,37.644,15,No,01:30.3
Miami,4,1,Max Verstappen,Red Bull Racing Honda RBPT,1,57,39.956,12,No,01:30.5
Miami,5,23,Alexander Albon,Williams Mercedes,7,57,48.067,10,No,01:30.5
Miami,6,12,Kimi Antonelli,Mercedes,3,57,55.502,8,No,01:30.8
Miami,7,16,Charles Leclerc,Ferrari,8,57,57.036,6,No,01:30.5
Miami,8,44,Lewis Hamilton,Ferrari,12,57,60.186,4,No,01:30.6
Miami,9,55,Carlos Sainz,Williams Mercedes,6,57,60.577,2,No,01:30.7
Miami,10,22,Yuki Tsunoda,Red Bull Racing Honda RBPT,10,57,74.434,1,No,01:31.0
Miami,11,6,Isack Hadjar,Racing Bulls Honda RBPT,11,57,74.602,0,No,01:31.0
Miami,12,31,Esteban Ocon,Haas Ferrari,9,57,82.006,0,No,01:31.1
Miami,13,10,Pierre Gasly,Alpine Renault,20,57,90.445,0,No,01:31.2
Miami,14,27,Nico Hulkenberg,Kick Sauber Ferrari,16,56,+1 lap,0,No,01:31.0
Miami,15,14,Fernando Alonso,Aston Martin Aramco Mercedes,17,56,+1 lap,0,No,01:31.3
Miami,16,18,Lance Stroll,Aston Martin Aramco Mercedes,18,56,+1 lap,0,No,01:31.8
Miami,NC,30,Liam Lawson,Racing Bulls Honda RBPT,15,36,DNF,0,No,01:31.8
Miami,NC,5,Gabriel Bortoleto,Kick Sauber Ferrari,13,30,DNF,0,No,01:32.3
Miami,NC,87,Oliver Bearman,Haas Ferrari,19,27,DNF,0,No,01:32.7
Miami,NC,7,Jack Doohan,Alpine Renault,14,0,DNF,0,No,
Emilia-Romagna,1,1,Max Verstappen,Red Bull Racing Honda RBPT,2,63,31:33.2,25,Yes,01:18.0
Emilia-Romagna,2,4,Lando Norris,McLaren,4,63,6.109,18,No,01:18.3
Emilia-Romagna,3,81,Oscar Piastri,McLaren,1,63,12.956,15,No,01:18.9
Emilia-Romagna,4,44,Lewis Hamilton,Ferrari,12,63,14.356,12,No,01:18.3
Emilia-Romagna,5,23,Alexander Albon,Williams Mercedes,7,63,17.945,10,No,01:18.3
Emilia-Romagna,6,16,Charles Leclerc,Ferrari,11,63,20.774,8,No,01:19.0
Emilia-Romagna,7,63,George Russell,Mercedes,3,63,22.304,6,No,01:19.7
Emilia-Romagna,8,55,Carlos Sainz,Williams Mercedes,6,63,22.898,4,No,01:19.8
Emilia-Romagna,9,6,Isack Hadjar,Racing Bulls Honda RBPT,9,63,23.586,2,No,01:19.5
Emilia-Romagna,10,22,Yuki Tsunoda,Red Bull Racing Honda RBPT,20,63,26.446,1,No,01:20.0
Emilia-Romagna,11,14,Fernando Alonso,Aston Martin Aramco Mercedes,5,63,27.25,0,No,01:19.9
Emilia-Romagna,12,27,Nico Hulkenberg,Kick Sauber Ferrari,17,63,30.296,0,No,01:20.4
Emilia-Romagna,13,10,Pierre Gasly,Alpine Renault,10,63,31.424,0,No,01:20.4
Emilia-Romagna,14,30,Liam Lawson,Racing Bulls Honda RBPT,15,63,32.511,0,No,01:20.5
Emilia-Romagna,15,18,Lance Stroll,Aston Martin Aramco Mercedes,8,63,32.993,0,No,01:20.5
Emilia-Romagna,16,43,Franco Colapinto,Alpine Renault,16,63,33.411,0,No,01:20.3
Emilia-Romagna,17,87,Oliver Bearman,Haas Ferrari,19,63,33.808,0,No,01:19.5
Emilia-Romagna,18,5,Gabriel Bortoleto,Kick Sauber Ferrari,14,63,38.572,0,No,01:20.6
Emilia-Romagna,NC,12,Kimi Antonelli,Mercedes,13,44,DNF,0,No,01:20.6
Emilia-Romagna,NC,31,Esteban Ocon,Haas Ferrari,18,27,DNF,0,No,01:21.4
Monaco,1,4,Lando Norris,McLaren,1,78,40:33.8,25,Yes,01:13.2
Monaco,2,16,Charles Leclerc,Ferrari,2,78,3.131,18,No,01:14.1
Monaco,3,81,Oscar Piastri,McLaren,3,78,3.658,15,No,01:13.7
Monaco,4,1,Max Verstappen,Red Bull Racing Honda RBPT,4,78,20.572,12,No,01:14.2
Monaco,5,44,Lewis Hamilton,Ferrari,7,78,51.387,10,No,01:14.1
Monaco,6,6,Isack Hadjar,Racing Bulls Honda RBPT,5,77,+1 lap,8,No,01:16.0
Monaco,7,31,Esteban Ocon,Haas Ferrari,8,77,+1 lap,6,No,01:15.2
Monaco,8,30,Liam Lawson,Racing Bulls Honda RBPT,9,77,+1 lap,4,No,01:15.3
Monaco,9,23,Alexander Albon,Williams Mercedes,10,76,+2 laps,2,No,01:14.6
Monaco,10,55,Carlos Sainz,Williams Mercedes,11,76,+2 laps,1,No,01:14.0
Monaco,11,63,George Russell,Mercedes,14,76,+2 laps,0,No,01:13.4
Monaco,12,87,Oliver Bearman,Haas Ferrari,20,76,+2 laps,0,No,01:14.9
Monaco,13,43,Franco Colapinto,Alpine Renault,18,76,+2 laps,0,No,01:15.3
Monaco,14,5,Gabriel Bortoleto,Kick Sauber Ferrari,16,76,+2 laps,0,No,01:14.9
Monaco,15,18,Lance Stroll,Aston Martin Aramco Mercedes,19,76,+2 laps,0,No,01:14.9
Monaco,16,27,Nico Hulkenberg,Kick Sauber Ferrari,13,76,+2 laps,0,No,01:15.2
Monaco,17,22,Yuki Tsunoda,Red Bull Racing Honda RBPT,12,76,+2 laps,0,No,01:14.9
Monaco,18,12,Kimi Antonelli,Mercedes,15,75,+3 laps,0,No,01:13.5
Monaco,NC,14,Fernando Alonso,Aston Martin Aramco Mercedes,6,36,DNF,0,No,01:15.6
Monaco,NC,10,Pierre Gasly,Alpine Renault,17,7,DNF,0,No,01:18.1
Spain,1,81,Oscar Piastri,McLaren,1,66,32:57.4,25,Yes,01:15.7
Spain,2,4,Lando Norris,McLaren,2,66,2.471,18,No,01:16.2
Spain,3,16,Charles Leclerc,Ferrari,7,66,10.455,15,No,01:17.3
Spain,4,63,George Russell,Mercedes,4,66,11.359,12,No,01:17.2
Spain,5,27,Nico Hulkenberg,Kick Sauber Ferrari,15,66,13.648,10,No,01:17.6
Spain,6,44,Lewis Hamilton,Ferrari,5,66,15.508,8,No,01:17.7
Spain,7,6,Isack Hadjar,Racing Bulls Honda RBPT,9,66,16.022,6,No,01:17.8
Spain,8,10,Pierre Gasly,Alpine Renault,8,66,17.882,4,No,01:17.9
Spain,9,14,Fernando Alonso,Aston Martin Aramco Mercedes,10,66,21.564,2,No,01:18.1
Spain,10,1,Max Verstappen,Red Bull Racing Honda RBPT,3,66,21.826,1,No,01:17.0
Spain,11,30,Liam Lawson,Racing Bulls Honda RBPT,13,66,25.532,0,No,01:19.4
Spain,12,5,Gabriel Bortoleto,Kick Sauber Ferrari,12,66,25.996,0,No,01:18.3
Spain,13,22,Yuki Tsunoda,Red Bull Racing Honda RBPT,19,66,28.822,0,No,01:18.0
Spain,14,55,Carlos Sainz,Williams Mercedes,17,66,29.309,0,No,01:19.3
Spain,15,43,Franco Colapinto,Alpine Renault,18,66,31.381,0,No,01:18.4
Spain,16,31,Esteban Ocon,Haas Ferrari,16,66,32.197,0,No,01:18.6
Spain,17,87,Oliver Bearman,Haas Ferrari,14,66,37.065,0,No,01:18.9
Spain,NC,12,Kimi Antonelli,Mercedes,6,53,DNF,0,No,01:18.3
Spain,NC,23,Alexander Albon,Williams Mercedes,11,27,DNF,0,No,01:20.5
Canada,1,63,George Russell,Mercedes,1,70,31:52.7,25,Yes,01:14.1
Canada,2,1,Max Verstappen,Red Bull Racing Honda RBPT,2,70,0.228,18,No,01:14.3
Canada,3,12,Kimi Antonelli,Mercedes,4,70,1.014,15,No,01:14.5
Canada,4,81,Oscar Piastri,McLaren,3,70,2.109,12,No,01:14.3
Canada,5,16,Charles Leclerc,Ferrari,8,70,3.442,10,No,01:14.3
Canada,6,44,Lewis Hamilton,Ferrari,5,70,10.713,8,No,01:14.8
Canada,7,14,Fernando Alonso,Aston Martin Aramco Mercedes,6,70,10.972,6,No,01:15.0
Canada,8,27,Nico Hulkenberg,Kick Sauber Ferrari,11,70,15.364,4,No,01:15.4
Canada,9,31,Esteban Ocon,Haas Ferrari,14,69,+1 lap,2,No,01:14.6
Canada,10,55,Carlos Sainz,Williams Mercedes,16,69,+1 lap,1,No,01:14.4
Canada,11,87,Oliver Bearman,Haas Ferrari,13,69,+1 lap,0,No,01:15.4
Canada,12,22,Yuki Tsunoda,Red Bull Racing Honda RBPT,18,69,+1 lap,0,No,01:15.4
Canada,13,43,Franco Colapinto,Alpine Renault,10,69,+1 lap,0,No,01:16.1
Canada,14,5,Gabriel Bortoleto,Kick Sauber Ferrari,15,69,+1 lap,0,No,01:15.4
Canada,15,10,Pierre Gasly,Alpine Renault,20,69,+1 lap,0,No,01:15.0
Canada,16,6,Isack Hadjar,Racing Bulls Honda RBPT,12,69,+1 lap,0,No,01:16.3
Canada,17,18,Lance Stroll,Aston Martin Aramco Mercedes,17,69,+1 lap,0,No,01:14.9
Canada,18,4,Lando Norris,McLaren,7,66,DNF,0,No,1.14:229
Canada,NC,30,Liam Lawson,Racing Bulls Honda RBPT,19,53,DNF,0,No,01:16.3
Canada,NC,23,Alexander Albon,Williams Mercedes,9,46,DNF,0,No,01:16.2
Austria,1,4,Lando Norris,McLaren,1,70,23:47.7,25,No,01:08.3
Austria,2,81,Oscar Piastri,McLaren,3,70,2.695,18,Yes,01:07.9
Austria,3,16,Charles Leclerc,Ferrari,2,70,19.82,15,No,01:08.8
Austria,4,44,Lewis Hamilton,Ferrari,4,70,29.02,12,No,01:08.6
Austria,5,63,George Russell,Mercedes,5,70,62.396,10,No,01:09.4
Austria,6,30,Liam Lawson,Racing Bulls Honda RBPT,6,70,67.754,8,No,01:10.0
Austria,7,14,Fernando Alonso,Aston Martin Aramco Mercedes,11,69,+1 lap,6,No,01:09.9
Austria,8,5,Gabriel Bortoleto,Kick Sauber Ferrari,8,69,+1 lap,4,No,01:09.2
Austria,9,27,Nico Hulkenberg,Kick Sauber Ferrari,20,69,+1 lap,2,No,01:09.5
Austria,10,31,Esteban Ocon,Haas Ferrari,17,69,+1 lap,1,No,01:09.6
Austria,11,87,Oliver Bearman,Haas Ferrari,15,69,+1 lap,0,No,01:10.0
Austria,12,6,Isack Hadjar,Racing Bulls Honda RBPT,13,69,+1 lap,0,No,01:10.2
Austria,13,10,Pierre Gasly,Alpine Renault,10,69,+1 lap,0,No,01:10.2
Austria,14,18,Lance Stroll,Aston Martin Aramco Mercedes,16,69,+1 lap,0,No,01:09.2
Austria,15,43,Franco Colapinto,Alpine Renault,14,69,+1 lap,0,No,01:09.6
Austria,16,22,Yuki Tsunoda,Red Bull Racing Honda RBPT,18,68,+2 laps,0,No,01:09.8
Austria,NC,23,Alexander Albon,Williams Mercedes,12,15,DNF,0,No,01:10.6
Austria,NC,1,Max Verstappen,Red Bull Racing Honda RBPT,7,0,DNF,0,No,
Austria,NC,12,Kimi Antonelli,Mercedes,9,0,DNF,0,No,
Austria,NC,55,Carlos Sainz,Williams Mercedes,19,0,DNS,0,No,
Great Britain,1,4,Lando Norris,McLaren,3,52,37:15.7,25,No,01:29.7
Great Britain,2,81,Oscar Piastri,McLaren,2,52,6.812,18,Yes,01:29.3
Great Britain,3,27,Nico Hulkenberg,Kick Sauber Ferrari,19,52,34.742,15,No,01:30.9
Great Britain,4,44,Lewis Hamilton,Ferrari,5,52,39.812,12,No,01:30.0
Great Britain,5,1,Max Verstappen,Red Bull Racing Honda RBPT,1,52,56.781,10,No,01:30.2
Great Britain,6,10,Pierre Gasly,Alpine Renault,8,52,59.857,8,No,01:30.8
Great Britain,7,18,Lance Stroll,Aston Martin Aramco Mercedes,17,52,60.603,6,No,01:32.1
Great Britain,8,23,Alexander Albon,Williams Mercedes,13,52,64.135,4,No,01:30.0
Great Britain,9,14,Fernando Alonso,Aston Martin Aramco Mercedes,7,52,65.868,2,No,01:30.4
Great Britain,10,63,George Russell,Mercedes,4,52,70.674,1,No,01:30.9
Great Britain,11,87,Oliver Bearman,Haas Ferrari,18,52,72.095,0,No,01:30.9
Great Britain,12,55,Carlos Sainz,Williams Mercedes,9,52,76.592,0,No,01:30.6
Great Britain,13,31,Esteban Ocon,Haas Ferrari,14,52,77.301,0,No,01:30.8
Great Britain,14,16,Charles Leclerc,Ferrari,6,52,84.477,0,No,01:30.8
Great Britain,15,22,Yuki Tsunoda,Red Bull Racing Honda RBPT,11,51,+1 lap,0,No,01:30.9
Great Britain,NC,12,Kimi Antonelli,Mercedes,10,23,DNF,0,No,01:45.6
Great Britain,NC,6,Isack Hadjar,Racing Bulls Honda RBPT,12,17,DNF,0,No,01:41.7
Great Britain,NC,5,Gabriel Bortoleto,Kick Sauber Ferrari,16,3,DNF,0,No,02:16.1
Great Britain,NC,30,Liam Lawson,Racing Bulls Honda RBPT,15,0,DNF,0,No,
Great Britain,NC,43,Franco Colapinto,Alpine Renault,20,0,DNS,0,No,
Belgium,1,81,Oscar Piastri,McLaren,2,44,25:22.6,25,No,01:45.7
Belgium,2,4,Lando Norris,McLaren,1,44,3.415,18,No,01:45.3
Belgium,3,16,Charles Leclerc,Ferrari,3,44,20.185,15,No,01:46.2
Belgium,4,1,Max Verstappen,Red Bull Racing Honda RBPT,4,44,21.731,12,No,01:46.1
Belgium,5,63,George Russell,Mercedes,6,44,34.863,10,No,01:46.6
Belgium,6,23,Alexander Albon,Williams Mercedes,5,44,39.926,8,No,01:46.8
Belgium,7,44,Lewis Hamilton,Ferrari,18,44,40.679,6,No,01:46.5
Belgium,8,30,Liam Lawson,Racing Bulls Honda RBPT,9,44,52.033,4,No,01:46.6
Belgium,9,5,Gabriel Bortoleto,Kick Sauber Ferrari,10,44,56.434,2,No,01:47.0
Belgium,10,10,Pierre Gasly,Alpine Renault,13,44,72.714,1,No,01:47.2
Belgium,11,87,Oliver Bearman,Haas Ferrari,12,44,73.145,0,No,01:46.7
Belgium,12,27,Nico Hulkenberg,Kick Sauber Ferrari,14,44,73.628,0,No,01:45.1
Belgium,13,22,Yuki Tsunoda,Red Bull Racing Honda RBPT,7,44,75.395,0,No,01:47.2
Belgium,14,18,Lance Stroll,Aston Martin Aramco Mercedes,16,44,79.831,0,No,01:47.2
Belgium,15,31,Esteban Ocon,Haas Ferrari,11,44,86.063,0,No,01:46.7
Belgium,16,12,Kimi Antonelli,Mercedes,19,44,86.721,0,Yes,01:44.9
Belgium,17,14,Fernando Alonso,Aston Martin Aramco Mercedes,20,44,87.924,0,No,01:45.8
Belgium,18,55,Carlos Sainz,Williams Mercedes,17,44,92.024,0,No,01:46.1
Belgium,19,43,Franco Colapinto,Alpine Renault,15,44,95.25,0,No,01:46.1
Belgium,20,6,Isack Hadjar,Racing Bulls Honda RBPT,8,43,+1 lap,0,No,01:47.7
Hungary,1,4,Lando Norris,McLaren,3,70,35:21.2,25,No,01:19.9
Hungary,2,81,Oscar Piastri,McLaren,2,70,0.698,18,No,01:19.4
Hungary,3,63,George Russell,Mercedes,4,70,21.916,15,Yes,01:19.4
Hungary,4,16,Charles Leclerc,Ferrari,1,70,42.56,12,No,01:20.4
Hungary,5,14,Fernando Alonso,Aston Martin Aramco Mercedes,5,70,59.04,10,No,01:20.1
Hungary,6,5,Gabriel Bortoleto,Kick Sauber Ferrari,7,70,66.169,8,No,01:20.7
Hungary,7,18,Lance Stroll,Aston Martin Aramco Mercedes,6,70,68.174,6,No,01:20.7
Hungary,8,30,Liam Lawson,Racing Bulls Honda RBPT,9,70,69.451,4,No,01:20.5
Hungary,9,1,Max Verstappen,Red Bull Racing Honda RBPT,8,70,72.645,2,No,01:19.6
Hungary,10,12,Kimi Antonelli,Mercedes,15,69,+1 lap,1,No,01:20.7
Hungary,11,6,Isack Hadjar,Racing Bulls Honda RBPT,10,69,+1 lap,0,No,01:20.8
Hungary,12,44,Lewis Hamilton,Ferrari,12,69,+1 lap,0,No,01:20.0
Hungary,13,27,Nico Hulkenberg,Kick Sauber Ferrari,18,69,+1 lap,0,No,01:20.0
Hungary,14,55,Carlos Sainz,Williams Mercedes,13,69,+1 lap,0,No,01:19.8
Hungary,15,23,Alexander Albon,Williams Mercedes,19,69,+1 lap,0,No,01:20.8
Hungary,16,31,Esteban Ocon,Haas Ferrari,17,69,+1 lap,0,No,01:21.9
Hungary,17,22,Yuki Tsunoda,Red Bull Racing Honda RBPT,20,69,+1 lap,0,No,01:21.2
Hungary,18,43,Franco Colapinto,Alpine Renault,14,69,+1 lap,0,No,01:20.8
Hungary,19,10,Pierre Gasly,Alpine Renault,16,69,+1 lap,0,No,01:21.4
Hungary,NC,87,Oliver Bearman,Haas Ferrari,11,48,DNF,0,No,01:22.0
Netherlands,1,81,Oscar Piastri,McLaren,1,72,38:29.8,25,Yes,01:12.3
Netherlands,2,1,Max Verstappen,Red Bull Racing Honda RBPT,3,72,1.271,18,No,01:12.9
Netherlands,3,6,Isack Hadjar,Racing Bulls Honda RBPT,4,72,3.233,15,No,01:13.3
Netherlands,4,63,George Russell,Mercedes,5,72,5.654,12,No,01:13.7
Netherlands,5,23,Alexander Albon,Williams Mercedes,15,72,6.327,10,No,01:13.7
Netherlands,6,87,Oliver Bearman,Haas Ferrari,20,72,9.044,8,No,01:14.0
Netherlands,7,18,Lance Stroll,Aston Martin Aramco Mercedes,19,72,9.497,6,No,01:13.8
Netherlands,8,14,Fernando Alonso,Aston Martin Aramco Mercedes,10,72,11.709,4,No,01:13.7
Netherlands,9,22,Yuki Tsunoda,Red Bull Racing Honda RBPT,12,72,13.597,2,No,01:14.4
Netherlands,10,31,Esteban Ocon,Haas Ferrari,18,72,14.063,1,No,01:14.0
Netherlands,11,43,Franco Colapinto,Alpine Renault,16,72,14.511,0,No,01:13.0
Netherlands,12,30,Liam Lawson,Racing Bulls Honda RBPT,8,72,17.063,0,No,01:13.9
Netherlands,13,55,Carlos Sainz,Williams Mercedes,9,72,17.376,0,No,01:13.8
Netherlands,14,27,Nico Hulkenberg,Kick Sauber Ferrari,17,72,419.725,0,No,01:14.9
Netherlands,15,5,Gabriel Bortoleto,Kick Sauber Ferrari,13,72,21.565,0,No,01:14.3
Netherlands,16,12,Kimi Antonelli,Mercedes,11,72,22.029,0,No,01:13.5
Netherlands,17,10,Pierre Gasly,Alpine Renault,14,72,23.629,0,No,01:15.2
Netherlands,18,4,Lando Norris,McLaren,2,64,DNF,0,No,01:12.4
Netherlands,NC,16,Charles Leclerc,Ferrari,6,52,DNF,0,No,01:14.6
Netherlands,NC,44,Lewis Hamilton,Ferrari,7,22,DNF,0,No,01:15.7
Italy,1,1,Max Verstappen,Red Bull Racing Honda RBPT,1,53,1:13.24.325,25,No,01:21.0
Italy,2,4,Lando Norris,McLaren,2,53,19.207,18,Yes,01:20.9
Italy,3,81,Oscar Piastri,McLaren,3,53,21.351,15,No,01:21.2
Italy,4,16,Charles Leclerc,Ferrari,4,53,25.624,12,No,01:21.3
Italy,5,63,George Russell,Mercedes,5,53,32.881,10,No,01:21.8
Italy,6,44,Lewis Hamilton,Ferrari,10,53,37.449,8,No,01:21.5
Italy,7,23,Alexander Albon,Williams Mercedes,14,53,50.537,6,No,01:21.4
Italy,8,5,Gabriel Bortoleto,Kick Sauber Ferrari,7,53,58.484,4,No,01:22.1
Italy,9,12,Kimi Antonelli,Mercedes,6,53,59.762,2,No,01:22.0
Italy,10,6,Isack Hadjar,Racing Bulls Honda RBPT,19,53,63.891,1,No,01:22.1
Italy,11,55,Carlos Sainz,Williams Mercedes,13,53,64.469,0,No,01:21.7
Italy,12,87,Oliver Bearman,Haas Ferrari,11,53,79.288,0,No,01:21.8
Italy,13,22,Yuki Tsunoda,Red Bull Racing Honda RBPT,9,53,80.701,0,No,01:22.7
Italy,14,30,Liam Lawson,Racing Bulls Honda RBPT,18,53,82.351,0,No,01:22.8
Italy,15,31,Esteban Ocon,Haas Ferrari,15,52,+1 lap,0,No,01:22.9
Italy,16,10,Pierre Gasly,Alpine Renault,20,52,+1 lap,0,No,01:22.2
Italy,17,43,Franco Colapinto,Alpine Renault,17,52,+1 lap,0,No,01:22.2
Italy,18,18,Lance Stroll,Aston Martin Aramco Mercedes,16,52,+1 lap,0,No,01:22.2
Italy,NC,14,Fernando Alonso,Aston Martin Aramco Mercedes,8,24,DNF,0,No,01:23.8
Italy,NC,27,Nico Hulkenberg,Kick Sauber Ferrari,12,0,DNS,0,No,
Azerbaijan,1,1,Max Verstappen,Red Bull Racing Honda RBPT,1,51,33:26.4,25,Yes,01:43.4
Azerbaijan,2,63,George Russell,Mercedes,5,51,14.609,18,No,01:43.8
Azerbaijan,3,55,Carlos Sainz,Williams Mercedes,2,51,19.199,15,No,01:44.0
Azerbaijan,4,12,Kimi Antonelli,Mercedes,4,51,21.76,12,No,01:44.1
Azerbaijan,5,30,Liam Lawson,Racing Bulls Honda RBPT,3,51,33.29,10,No,01:44.5
Azerbaijan,6,22,Yuki Tsunoda,Red Bull Racing Honda RBPT,6,51,33.808,8,No,01:44.4
Azerbaijan,7,4,Lando Norris,McLaren,7,51,34.227,6,No,01:44.2
Azerbaijan,8,44,Lewis Hamilton,Ferrari,12,51,36.31,4,No,01:44.0
Azerbaijan,9,16,Charles Leclerc,Ferrari,10,51,36.774,2,No,01:44.3
Azerbaijan,10,6,Isack Hadjar,Racing Bulls Honda RBPT,8,51,38.982,1,No,01:43.9
Azerbaijan,11,5,Gabriel Bortoleto,Kick Sauber Ferrari,13,51,67.606,0,No,01:44.9
Azerbaijan,12,87,Oliver Bearman,Haas Ferrari,15,51,68.262,0,No,01:44.3
Azerbaijan,13,23,Alexander Albon,Williams Mercedes,19,51,72.87,0,No,01:44.2
Azerbaijan,14,31,Esteban Ocon,Haas Ferrari,20,51,77.58,0,No,01:45.4
Azerbaijan,15,14,Fernando Alonso,Aston Martin Aramco Mercedes,11,51,78.707,0,No,01:45.0
Azerbaijan,16,27,Nico Hulkenberg,Kick Sauber Ferrari,17,51,80.237,0,No,01:44.4
Azerbaijan,17,18,Lance Stroll,Aston Martin Aramco Mercedes,14,51,96.392,0,No,01:45.1
Azerbaijan,18,10,Pierre Gasly,Alpine Renault,18,50,+1 lap,0,No,01:45.5
Azerbaijan,19,43,Franco Colapinto,Alpine Renault,16,50,+1 lap,0,No,01:46.1
Azerbaijan,NC,81,Oscar Piastri,McLaren,9,0,DNF,0,No,
Singapore,1,63,George Russell,Mercedes,1,62,40:22.4,25,No,01:35.7
Singapore,2,1,Max Verstappen,Red Bull Racing Honda RBPT,2,62,5.43,18,No,01:35.6
Singapore,3,4,Lando Norris,McLaren,5,62,6.066,15,No,01:35.6
Singapore,4,81,Oscar Piastri,McLaren,3,62,8.146,12,No,01:35.4
Singapore,5,12,Kimi Antonelli,Mercedes,4,62,33.681,10,No,01:35.3
Singapore,6,16,Charles Leclerc,Ferrari,7,62,45.996,8,No,01:36.0
Singapore,7,14,Fernando Alonso,Aston Martin Aramco Mercedes,10,62,80.667,6,No,01:35.9
Singapore,8,44,Lewis Hamilton,Ferrari,6,62,85.251,4,Yes,01:33.8
Singapore,9,87,Oliver Bearman,Haas Ferrari,9,62,93.527,2,No,01:36.2
Singapore,10,55,Carlos Sainz,Williams Mercedes,18,62,+1 lap,1,No,01:35.0
Singapore,11,6,Isack Hadjar,Racing Bulls Honda RBPT,8,61,+1 lap,0,No,01:36.9
Singapore,12,22,Yuki Tsunoda,Red Bull Racing Honda RBPT,13,61,+1 lap,0,No,01:36.8
Singapore,13,18,Lance Stroll,Aston Martin Aramco Mercedes,15,61,+1 lap,0,No,01:35.9
Singapore,14,23,Alexander Albon,Williams Mercedes,20,61,+1 lap,0,No,01:35.6
Singapore,15,30,Liam Lawson,Racing Bulls Honda RBPT,12,61,+1 lap,0,No,01:35.6
Singapore,16,43,Franco Colapinto,Alpine Renault,16,61,+1 lap,0,No,01:37.2
Singapore,17,5,Gabriel Bortoleto,Kick Sauber Ferrari,14,61,+1 lap,0,No,01:37.1
Singapore,18,31,Esteban Ocon,Haas Ferrari,17,61,+1 lap,0,No,01:36.6
Singapore,19,10,Pierre Gasly,Alpine Renault,19,61,+1 lap,0,No,01:34.6
Singapore,20,27,Nico Hulkenberg,Kick Sauber Ferrari,11,61,+1 lap,0,No,01:35.4
United States,1,1,Max Verstappen,Red Bull Racing Honda RBPT,1,56,34:00.2,25,No,01:38.0
United States,2,4,Lando Norris,McLaren,2,56,7.959,18,No,01:37.6
United States,3,16,Charles Leclerc,Ferrari,3,56,15.373,15,No,01:38.2
United States,4,44,Lewis Hamilton,Ferrari,5,56,28.536,12,No,01:38.4
United States,5,81,Oscar Piastri,McLaren,6,56,29.678,10,No,01:38.6
United States,6,63,George Russell,Mercedes,4,56,33.456,8,No,01:38.2
United States,7,22,Yuki Tsunoda,Red Bull Racing Honda RBPT,13,56,52.714,6,No,01:38.8
United States,8,27,Nico Hulkenberg,Kick Sauber Ferrari,11,56,57.249,4,No,01:38.4
United States,9,87,Oliver Bearman,Haas Ferrari,8,56,64.722,2,No,01:39.1
United States,10,14,Fernando Alonso,Aston Martin Aramco Mercedes,10,56,70.001,1,No,01:38.8
United States,11,30,Liam Lawson,Racing Bulls Honda RBPT,12,56,73.209,0,No,01:39.0
United States,12,18,Lance Stroll,Aston Martin Aramco Mercedes,19,56,74.778,0,No,01:39.1
United States,13,12,Kimi Antonelli,Mercedes,7,56,75.746,0,Yes,01:37.6
United States,14,23,Alexander Albon,Williams Mercedes,18,56,80,0,No,01:38.3
United States,15,31,Esteban Ocon,Haas Ferrari,17,56,83.043,0,No,01:39.3
United States,16,6,Isack Hadjar,Racing Bulls Honda RBPT,20,56,92.807,0,No,01:38.7
United States,17,43,Franco Colapinto,Alpine Renault,15,55,+1 lap,0,No,01:39.2
United States,18,5,Gabriel Bortoleto,Kick Sauber Ferrari,16,55,+1 lap,0,No,01:38.3
United States,19,10,Pierre Gasly,Alpine Renault,14,55,+1 lap,0,No,01:39.3
United States,NC,55,Carlos Sainz,Williams Mercedes,9,5,DNF,0,No,01:40.3
Mexico,1,4,Lando Norris,McLaren,1,71,37:58.6,25,No,01:20.8
Mexico,2,16,Charles Leclerc,Ferrari,2,71,30.324,18,No,01:21.6
Mexico,3,1,Max Verstappen,Red Bull Racing Honda RBPT,5,71,31.049,15,No,01:21.1
Mexico,4,87,Oliver Bearman,Haas Ferrari,9,71,40.955,12,No,01:20.7
Mexico,5,81,Oscar Piastri,McLaren,7,71,42.065,10,No,01:20.4
Mexico,6,12,Kimi Antonelli,Mercedes,6,71,47.837,8,No,01:20.8
Mexico,7,63,George Russell,Mercedes,4,71,50.287,6,Yes,01:20.1
Mexico,8,44,Lewis Hamilton,Ferrari,3,71,56.446,4,No,01:20.6
Mexico,9,31,Esteban Ocon,Haas Ferrari,11,71,75.464,2,No,01:21.9
Mexico,10,5,Gabriel Bortoleto,Kick Sauber Ferrari,16,71,76.863,1,No,1.21:121
Mexico,11,22,Yuki Tsunoda,Red Bull Racing Honda RBPT,10,71,79.048,0,No,01:21.5
Mexico,12,23,Alexander Albon,Williams Mercedes,17,70,+1 lap,0,No,01:20.5
Mexico,13,6,Isack Hadjar,Racing Bulls Honda RBPT,8,70,+1 lap,0,No,01:21.7
Mexico,14,18,Lance Stroll,Aston Martin Aramco Mercedes,19,70,+1 lap,0,No,01:20.6
Mexico,15,10,Pierre Gasly,Alpine Renault,18,70,+1 lap,0,No,01:22.3
Mexico,16,43,Franco Colapinto,Alpine Renault,20,70,+1 lap,0,No,01:21.3
Mexico,17,55,Carlos Sainz,Williams Mercedes,12,67,DNF,0,No,01:20.1
Mexico,NC,14,Fernando Alonso,Aston Martin Aramco Mercedes,14,34,DNF,0,No,01:21.7
Mexico,NC,27,Nico Hulkenberg,Kick Sauber Ferrari,13,25,DNF,0,No,01:23.1
Mexico,NC,30,Liam Lawson,Racing Bulls Honda RBPT,15,5,DNF,0,No,01:25.1
Brazil,1,4,Lando Norris,McLaren,1,71,32:01.6,25,No,01:13.0
Brazil,2,12,Kimi Antonelli,Mercedes,2,71,10.388,18,No,01:13.1
Brazil,3,1,Max Verstappen,Red Bull Racing Honda RBPT,19,71,10.75,15,No,01:12.4
Brazil,4,63,George Russell,Mercedes,6,71,15.267,12,No,01:13.1
Brazil,5,81,Oscar Piastri,McLaren,4,71,15.749,10,No,01:12.7
Brazil,6,87,Oliver Bearman,Haas Ferrari,8,71,29.63,8,No,01:13.5
Brazil,7,30,Liam Lawson,Racing Bulls Honda RBPT,7,71,52.642,6,No,01:14.0
Brazil,8,6,Isack Hadjar,Racing Bulls Honda RBPT,5,71,52.873,4,No,01:13.7
Brazil,9,27,Nico Hulkenberg,Kick Sauber Ferrari,71,10,53.324,2,No,01:13.5
Brazil,10,10,Pierre Gasly,Alpine Renault,9,71,53.914,1,No,01:13.7
Brazil,11,23,Alexander Albon,Williams Mercedes,12,71,54.184,0,Yes,01:12.4
Brazil,12,31,Esteban Ocon,Haas Ferrari,20,71,54.696,0,No,01:13.5
Brazil,13,55,Carlos Sainz,Williams Mercedes,15,71,55.42,0,No,01:13.7
Brazil,14,14,Fernando Alonso,Aston Martin Aramco Mercedes,11,71,55.766,0,No,01:13.3
Brazil,15,43,Franco Colapinto,Alpine Renault,16,71,57.777,0,No,01:12.8
Brazil,16,18,Lance Stroll,Aston Martin Aramco Mercedes,14,71,58.247,0,No,01:13.1
Brazil,17,22,Yuki Tsunoda,Red Bull Racing Honda RBPT,17,71,69.176,0,No,01:12.8
Brazil,NC,44,Lewis Hamilton,Ferrari,13,37,DNF,0,No,01:13.8
Brazil,NC,16,Charles Leclerc,Ferrari,3,5,DNF,0,No,01:43.6
Brazil,NC,5,Gabriel Bortoleto,Kick Sauber Ferrari,18,0,DNF,0,No,
Las Vegas,1,1,Max Verstappen,Red Bull Racing Honda RBPT,2,50,21:08.4,25,Yes,01:33.4
Las Vegas,2,63,George Russell,Mercedes,4,50,23.546,18,No,01:34.6
Las Vegas,3,12,Kimi Antonelli,Mercedes,17,50,30.488,15,No,01:34.0
Las Vegas,4,16,Charles Leclerc,Ferrari,9,50,30.678,12,No,01:34.3
Las Vegas,5,55,Carlos Sainz,Williams Mercedes,3,50,34.924,10,No,01:34.5
Las Vegas,6,6,Isack Hadjar,Racing Bulls Honda RBPT,8,50,45.257,8,No,01:34.6
Las Vegas,7,27,Nico Hulkenberg,Kick Sauber Ferrari,11,50,51.134,6,No,01:34.6
Las Vegas,8,44,Lewis Hamilton,Ferrari,19,50,59.369,4,No,01:34.6
Las Vegas,9,31,Esteban Ocon,Haas Ferrari,13,50,60.634,2,No,01:34.6
Las Vegas,10,87,Oliver Bearman,Haas Ferrari,14,50,70.549,1,No,01:34.5
Las Vegas,11,14,Fernando Alonso,Aston Martin Aramco Mercedes,7,50,85.308,0,No,01:35.6
Las Vegas,12,22,Yuki Tsunoda,Red Bull Racing Honda RBPT,20,50,86.974,0,No,01:35.0
Las Vegas,13,10,Pierre Gasly,Alpine Renault,10,50,91.702,0,No,01:35.7
Las Vegas,14,30,Liam Lawson,Racing Bulls Honda RBPT,6,49,+1 lap,0,No,01:34.8
Las Vegas,15,43,Franco Colapinto,Alpine Renault,15,49,+1 lap,0,No,01:35.8
Las Vegas,NC,23,Alexander Albon,Williams Mercedes,16,35,DNF,0,No,01:35.2
Las Vegas,NC,5,Gabriel Bortoleto,Kick Sauber Ferrari,18,2,DNF,0,No,
Las Vegas,NC,18,Lance Stroll,Aston Martin Aramco Mercedes,12,0,DNF,0,No,
Las Vegas,DQ,4,Lando Norris,McLaren,1,0,DSQ,0,No,01:34.0
Las Vegas,DQ,81,Oscar Piastri,McLaren,5,0,DSQ,0,No,01:34.1
Qatar,1,1,Max Verstappen,Red Bull Racing Honda RBPT,3,57,24:38.2,25,No,01:23.5
Qatar,2,81,Oscar Piastri,McLaren,1,57,7.995,18,Yes,01:23.0
Qatar,3,55,Carlos Sainz,Williams Mercedes,7,57,22.665,15,No,01:23.9
Qatar,4,4,Lando Norris,McLaren,2,57,23.315,12,No,01:23.2
Qatar,5,12,Kimi Antonelli,Mercedes,5,57,28.317,10,No,01:24.0
Qatar,6,63,George Russell,Mercedes,4,57,48.599,8,No,01:23.2
Qatar,7,14,Fernando Alonso,Aston Martin Aramco Mercedes,8,57,54.045,6,No,01:23.9
Qatar,8,16,Charles Leclerc,Ferrari,10,57,56.785,4,No,01:24.4
Qatar,9,30,Liam Lawson,Racing Bulls Honda RBPT,12,57,60.073,2,No,01:24.0
Qatar,10,22,Yuki Tsunoda,Red Bull Racing Honda RBPT,15,57,61.77,1,No,01:24.1
Qatar,11,23,Alexander Albon,Williams Mercedes,14,57,66.931,0,No,01:24.3
Qatar,12,44,Lewis Hamilton,Ferrari,17,57,77.73,0,No,01:24.8
Qatar,13,5,Gabriel Bortoleto,Kick Sauber Ferrari,19,57,84.812,0,No,01:25.2
Qatar,14,43,Franco Colapinto,Alpine Renault,20,56,+1 lap,0,No,01:25.6
Qatar,15,31,Esteban Ocon,Haas Ferrari,16,56,+1 lap,0,No,01:25.1
Qatar,16,10,Pierre Gasly,Alpine Renault,9,56,+1 lap,0,No,01:25.4
Qatar,17,18,Lance Stroll,Aston Martin Aramco Mercedes,18,55,DNF,0,No,01:23.5
Qatar,18,6,Isack Hadjar,Racing Bulls Honda RBPT,6,55,DNF,0,No,01:24.3
Qatar,NC,87,Oliver Bearman,Haas Ferrari,13,41,DNF,0,No,01:24.9
Qatar,NC,27,Nico Hulkenberg,Kick Sauber Ferrari,11,6,DNF,0,No,01:28.1
Abu Dhabi,1,1,Max Verstappen,Red Bull Racing Honda RBPT,1,58,26:07.5,25,No,01:27.6
Abu Dhabi,2,81,Oscar Piastri,McLaren,3,58,12.594,18,No,01:26.8
Abu Dhabi,3,4,Lando Norris,McLaren,2,58,16.572,15,No,01:26.8
Abu Dhabi,4,16,Charles Leclerc,Ferrari,5,58,23.279,12,Yes,01:26.7
Abu Dhabi,5,63,George Russell,Mercedes,4,58,48.563,10,No,01:28.6
Abu Dhabi,6,14,Fernando Alonso,Aston Martin Aramco Mercedes,6,58,67.562,8,No,01:28.3
Abu Dhabi,7,31,Esteban Ocon,Haas Ferrari,8,58,69.876,6,No,01:28.7
Abu Dhabi,8,44,Lewis Hamilton,Ferrari,16,58,72.67,4,No,01:28.1
Abu Dhabi,9,27,Nico Hulkenberg,Kick Sauber Ferrari,18,58,79.014,2,No,01:27.0
Abu Dhabi,10,18,Lance Stroll,Aston Martin Aramco Mercedes,15,58,79.523,1,No,01:27.6
Abu Dhabi,11,5,Gabriel Bortoleto,Kick Sauber Ferrari,7,58,81.043,0,No,01:29.1
Abu Dhabi,12,87,Oliver Bearman,Haas Ferrari,11,58,81.166,0,No,01:29.0
Abu Dhabi,13,55,Carlos Sainz,Williams Mercedes,12,58,82.158,0,No,01:29.1
Abu Dhabi,14,22,Yuki Tsunoda,Red Bull Racing Honda RBPT,10,58,83.794,0,No,01:28.6
Abu Dhabi,15,12,Kimi Antonelli,Mercedes,14,58,84.399,0,No,01:28.0
Abu Dhabi,16,23,Alexander Albon,Williams Mercedes,17,58,90.327,0,No,01:28.4
Abu Dhabi,17,6,Isack Hadjar,Racing Bulls Honda RBPT,9,57,+1 lap,0,No,01:29.4
Abu Dhabi,18,30,Liam Lawson,Racing Bulls Honda RBPT,13,57,+1 lap,0,No,01:28.9
Abu Dhabi,19,10,Pierre Gasly,Alpine Renault,19,57,+1 lap,0,No,01:27.8
Abu Dhabi,20,43,Franco Colapinto,Alpine Renault,20,57,+1 lap,0,No,01:27.7
